id,first_name,age,company_id
1,Augy,66,731
2,Cathryn,62,623
3,Whittaker,77,231
4,Thom,72,96
5,Libby,75,924
6,Frankie,34,584
7,Gunar,48,888
8,Fabio,53,669
9,Laurette,21,747
10,Kendell,45,74
11,Eric,55,946
12,Chaim,47,636
13,Aliza,74,417
14,Samaria,47,278
15,Carolina,40,247
16,Lennie,78,853
17,Stephan,60,223
18,Tasia,56,943
19,Victoria,68,232
20,Jamey,76,456
21,Tanny,23,462
22,Lee,30,948
23,Noellyn,45,110
24,Petra,47,455
25,Gar,74,985
26,Rupert,68,165
27,Sanford,32,480
28,Erminie,60,834
29,Lorain,74,486
30,Tybalt,74,448
31,Ikey,25,844
32,Loree,62,694
33,Delaney,45,540
34,Coralie,23,65
35,Tiffany,79,899
36,Ario,67,169
37,Cullie,76,817
38,Lurleen,50,294
39,Glenn,62,23
40,Eduardo,71,362
41,Gillie,39,968
42,Anna-diane,39,687
43,Jacki,33,617
44,Riannon,43,842
45,Far,56,629
46,Delmer,52,289
47,Giles,44,884
48,Elena,65,638
49,Homerus,51,729
50,Carlynne,33,361
51,Gavin,45,291
52,Nickolaus,38,246
53,Pincas,27,648
54,Galen,69,207
55,Hollie,53,255
56,Clarette,24,760
57,Ruperto,39,823
58,Antony,50,802
59,Wilden,23,942
60,Biron,26,412
61,Annissa,44,95
62,Arnoldo,44,418
63,Minerva,57,430
64,Raff,42,649
65,Nikos,24,391
66,Niccolo,74,587
67,Monica,31,925
68,Nerti,35,597
69,Dulciana,50,850
70,Rick,37,545
71,Stefano,75,819
72,Durant,59,170
73,Crin,30,774
74,Krishnah,19,378
75,Constantina,63,798
76,Rolph,20,316
77,Tisha,33,805
78,Aurore,19,149
79,Reynold,64,138
80,Gabriellia,56,746
81,Jermaine,63,280
82,Odo,68,29
83,Ofilia,56,205
84,Linnell,63,251
85,Ax,76,6
86,Kandy,26,827
87,Spense,69,477
88,Allegra,53,614
89,Kissee,63,341
90,Melessa,53,797
91,Brigida,34,668
92,Alex,18,155
93,Maribeth,49,792
94,Tybi,69,771
95,Milli,42,76
96,Linnie,46,860
97,Jenelle,77,36
98,Lavinia,76,705
99,Miof mela,55,536
100,Elva,35,292
101,Axe,41,637
102,Ennis,27,330
103,Candice,60,498
104,Ranique,76,198
105,Margarette,24,296
106,Sergio,43,622
107,Gabi,45,674
108,Vernice,37,736
109,Freddie,45,962
110,Hettie,50,17
111,Ernst,70,673
112,Fleur,65,319
113,Glynnis,41,86
114,Neala,51,440
115,Muhammad,39,71
116,Kimball,25,887
117,Auberon,75,142
118,Florentia,34,517
119,Candace,45,630
120,Duff,70,652
121,Alexina,72,425
122,Hewe,20,885
123,Mikel,27,894
124,Lacie,71,260
125,Izak,56,131
126,Engracia,64,234
127,Joice,59,867
128,Charmain,71,351
129,Manon,56,160
130,Lissie,55,100
131,Constantin,42,783
132,Nanon,34,297
133,Tabby,37,38
134,Douglas,47,799
135,Melisenda,58,339
136,Nixie,35,256
137,Neall,36,706
138,Therese,78,988
139,Harri,21,661
140,Dunstan,34,683
141,Phoebe,50,105
142,Hollyanne,64,405
143,Aidan,55,410
144,Gardner,33,290
145,Gorden,76,510
146,Ronica,34,704
147,Sharl,35,940
148,Rik,71,322
149,Hymie,56,55
150,Adolf,24,769
151,Samuele,22,840
152,Eberhard,51,723
153,Ursala,33,801
154,Flinn,31,616
155,Alta,34,751
156,Tiphanie,28,10
157,Lazarus,75,549
158,Kellia,29,788
159,Ellswerth,38,11
160,Emmy,23,738
161,Franciskus,73,265
162,Berti,48,471
163,Lazare,77,812
164,Cory,45,892
165,Ethan,27,784
166,Parnell,42,88
167,Dawn,60,533
168,Eolanda,55,640
169,Conchita,28,204
170,Candi,63,442
171,Mignon,73,145
172,Conney,19,541
173,Almeda,66,609
174,Herby,49,838
175,Jordanna,52,748
176,Sullivan,62,63
177,Valeda,79,312
178,Julio,47,791
179,Solomon,73,452
180,Stafford,26,287
181,Matthus,60,90
182,Nolan,66,618
183,Valentine,79,4
184,Gordie,46,600
185,Viviyan,77,567
186,Catina,57,422
187,Aguistin,38,871
188,Harriett,74,890
189,Winston,42,739
190,Marisa,45,242
191,Hewe,65,303
192,Omar,68,737
193,Sophie,21,919
194,Hakeem,20,200
195,Celisse,68,305
196,Tad,20,964
197,Bary,52,385
198,Consolata,35,463
199,Cyril,30,49
200,Randi,70,530
201,Nannie,54,697
202,Rayner,21,51
203,Kienan,63,611
204,Mildred,53,709
205,Justis,38,321
206,Keefer,35,342
207,Charil,68,133
208,Andee,73,488
209,Ingeborg,22,355
210,Shayla,51,187
211,Ron,42,14
212,William,58,186
213,Ivette,80,787
214,Tani,39,698
215,Gary,29,53
216,Jerrie,32,575
217,Mar,55,756
218,Fairleigh,51,965
219,Regina,51,678
220,Dinnie,45,955
221,Conney,24,619
222,Terence,22,546
223,Randi,60,735
224,Johnathon,72,353
225,Roberta,65,564
226,Adorne,57,508
227,Osbert,29,846
228,Michell,48,438
229,Paula,53,685
230,Alex,68,357
231,Danie,63,336
232,Lilias,32,484
233,Gloria,46,209
234,Orren,50,494
235,Rufe,77,918
236,Fabien,19,727
237,Banky,29,782
238,Sheilakathryn,74,35
239,Irvin,53,1
240,Francyne,57,815
241,Tess,41,12
242,Gillian,27,778
243,Katine,47,634
244,Mirabella,49,396
245,Filia,47,759
246,Claretta,41,833
247,Marina,63,512
248,Nichols,64,513
249,Brod,57,708
250,Phillie,62,896
251,Jonie,68,469
252,Amalee,23,33
253,Trever,31,156
254,Olvan,73,701
255,Teresa,18,848
256,Jillayne,67,864
257,Giffy,25,872
258,Walton,76,543
259,Natty,79,348
260,Darryl,78,66
261,Esta,42,201
262,Marcellus,49,803
263,Galven,44,164
264,Neddy,50,239
265,Ashil,64,489
266,Melvin,78,386
267,Radcliffe,74,310
268,Yule,56,676
269,Casey,66,773
270,Demetri,77,633
271,Hilly,43,992
272,Meta,39,233
273,Murray,58,172
274,Kristopher,79,984
275,Nikaniki,61,671
276,Matthieu,20,772
277,Laraine,42,382
278,Virgilio,61,394
279,Cindee,56,821
280,Billi,68,264
281,Salvatore,51,659
282,Clement,75,742
283,Lisa,79,68
284,Madlen,40,712
285,Consolata,24,48
286,Mei,71,266
287,Arnold,49,42
288,Albertine,34,983
289,Gav,38,381
290,Fiona,68,869
291,Hazlett,63,830
292,Mayne,79,806
293,Elias,44,308
294,Estele,18,581
295,Rube,47,423
296,Darcy,60,520
297,Tarah,20,143
298,Melodee,57,196
299,Tomkin,49,352
300,Alix,58,959
301,Guinevere,41,92
302,Camey,31,559
303,Buck,69,922
304,Marika,58,350
305,Britte,66,376
306,Jamesy,35,120
307,Sally,35,190
308,Gerri,36,539
309,Berne,19,122
310,Rebeca,60,641
311,Xylia,55,606
312,Jemmie,40,500
313,Cleve,52,9
314,Lenna,20,402
315,Dasya,20,109
316,Emerson,22,939
317,Annabelle,40,333
318,Guendolen,59,841
319,Kassia,69,7
320,Neal,54,542
321,Marcello,36,426
322,Vinita,32,18
323,Cyrus,74,52
324,Wilbur,29,599
325,Bax,20,967
326,Mellie,65,786
327,Kimball,18,460
328,Erhard,67,662
329,Lemar,53,763
330,Lorine,78,953
331,Elva,67,245
332,Rozanna,31,595
333,Monika,80,364
334,Ianthe,73,627
335,Germain,45,511
336,Farleigh,58,177
337,Elwira,58,413
338,Adelle,67,960
339,Patrizio,66,107
340,Leontyne,34,917
341,Tracie,27,724
342,Justinian,40,719
343,Merl,64,514
344,Morlee,35,642
345,Sky,20,882
346,Kippy,58,377
347,Genvieve,48,796
348,Gwyneth,29,130
349,Lynne,40,345
350,Eveline,40,958
351,Bert,23,401
352,Husain,52,400
353,Catriona,74,121
354,Bent,28,199
355,Bronny,33,502
356,Sally,53,997
357,Babita,19,191
358,Clare,27,128
359,Aile,21,725
360,Darsey,50,50
361,Lavinie,40,645
362,Nada,64,493
363,Josh,54,923
364,Stanley,71,665
365,Thorndike,26,379
366,Fae,27,21
367,Catina,19,594
368,Nert,42,879
369,Fulton,35,579
370,Edythe,30,926
371,Dilly,59,235
372,Costanza,75,755
373,Ciel,55,257
374,Pauletta,34,244
375,Sauveur,38,157
376,Therine,47,553
377,Ganny,58,935
378,Wolfy,61,716
379,Charil,47,934
380,Violet,63,286
381,Marve,55,16
382,Valaree,51,373
383,Ileane,54,64
384,Lionello,59,954
385,Emmalyn,55,375
386,Hana,74,722
387,Bradley,44,123
388,Coralyn,60,314
389,Derrik,72,941
390,Georgena,44,304
391,Dorene,50,182
392,Kipp,68,30
393,Elysee,56,99
394,Jannelle,61,97
395,Oliver,22,903
396,Colly,47,554
397,Toddy,38,856
398,Emily,66,978
399,Karrah,65,851
400,Aleksandr,22,358
401,Phip,49,193
402,Nicko,28,441
403,Lem,22,496
404,Otes,71,219
405,Austina,61,619
406,Sibby,30,850
407,Carolus,52,353
408,Kellia,39,140
409,Gaylord,60,379
410,Torin,48,765
411,Adah,42,263
412,Mendy,44,259
413,Claudette,57,658
414,Ellene,33,767
415,Ferrell,65,974
416,Kimberli,62,1
417,Nana,38,439
418,Dannye,29,838
419,Lewiss,80,980
420,Bevon,57,588
421,Travers,67,96
422,Tootsie,39,684
423,Abner,48,187
424,Bobbe,48,758
425,Orrin,54,540
426,Marcel,63,791
427,Aldo,18,511
428,Skyler,45,309
429,Maryjo,23,946
430,Carolee,28,278
431,Jobina,45,161
432,Georgeanne,36,889
433,Allyn,31,65
434,Rustin,27,59
435,Cornela,19,300
436,Hedvige,59,383
437,Aurie,34,572
438,Allie,73,986
439,Beverie,22,545
440,Flossie,65,92
441,Ricki,58,774
442,Deva,53,536
443,Kiley,40,495
444,Joshuah,33,152
445,Nert,71,425
446,Diarmid,20,203
447,Daisie,60,422
448,Chiquita,21,719
449,Sawyere,38,318
450,Tami,49,565
451,Amity,27,327
452,Binni,31,267
453,Bryn,51,200
454,Dottie,38,519
455,Odessa,57,655
456,Janetta,47,208
457,Wang,64,752
458,Tammie,35,896
459,Ethelbert,77,74
460,Reinold,61,7
461,Ernie,75,868
462,Mario,49,470
463,Lorin,35,226
464,Amalita,58,783
465,Helen,43,193
466,Erv,28,558
467,Gene,53,515
468,Vasily,52,571
469,Lisbeth,65,585
470,Baxy,23,857
471,Sidoney,53,358
472,Breanne,41,35
473,Morna,54,907
474,Jany,62,773
475,Linell,44,679
476,Hinda,55,693
477,Dukie,70,836
478,Patricia,80,27
479,Rebeca,80,55
480,Parry,57,199
481,Shae,59,232
482,Elnore,43,633
483,Jeffry,48,185
484,Lanny,68,617
485,Cherish,42,423
486,Farr,56,497
487,Myrtice,29,766
488,Eldon,19,880
489,Christabel,74,988
490,Lanna,64,528
491,Esmeralda,70,487
492,Ram,69,205
493,Kassandra,53,959
494,Karyn,41,815
495,Dorolice,26,812
496,Gabey,57,804
497,Haily,63,295
498,Amble,38,469
499,Alexina,30,578
500,Tedi,42,630
501,Gregory,72,668
502,Reine,19,720
503,Jonell,66,610
504,Burnard,78,192
505,Krysta,66,547
506,Kore,42,474
507,Godart,54,991
508,Smith,43,518
509,Raffarty,80,544
510,Gretchen,62,631
511,Lisette,70,228
512,Kit,66,598
513,Auria,27,233
514,Ario,67,372
515,Chip,41,777
516,Morgun,32,637
517,Tallia,42,460
518,Jacquelin,48,125
519,Aurea,62,560
520,Kennedy,69,913
521,Arabel,62,678
522,Frayda,60,769
523,Mikey,37,808
524,Etienne,25,332
525,Northrup,64,978
526,Zea,21,632
527,Berta,27,472
528,Judah,44,402
529,Eddie,70,862
530,Keeley,80,593
531,Ansell,78,250
532,Hurlee,74,788
533,Jocelyn,37,690
534,Torr,79,976
535,Sargent,70,94
536,Miof mela,79,188
537,Hadleigh,76,505
538,Jamie,33,190
539,Fredrika,47,209
540,Wilfrid,39,715
541,Glenine,43,244
542,Mano,20,745
543,Willie,34,708
544,Katina,70,415
545,Faustine,37,150
546,Sapphira,40,586
547,Laney,24,837
548,Shaw,56,400
549,Rivkah,19,405
550,Kaycee,80,779
551,Petra,72,654
552,Katina,62,178
553,Teri,53,669
554,Barnebas,53,143
555,Ossie,56,456
556,Moore,29,12
557,Shayla,38,191
558,Blanca,18,781
559,Charlton,42,884
560,Anatol,78,694
561,Dinny,26,920
562,Jamaal,52,307
563,Terza,44,513
564,Addy,66,691
565,Vita,72,924
566,Farlie,25,853
567,Malissa,68,778
568,Jillie,73,566
569,Rory,78,257
570,Otho,50,338
571,Drugi,20,302
572,Elke,32,636
573,Michaela,56,312
574,Isabelle,32,484
575,Panchito,25,529
576,Tomaso,24,137
577,Lory,57,825
578,Mikkel,34,512
579,Edmon,42,139
580,Morrie,79,856
581,Lester,34,506
582,Mallissa,64,534
583,Marni,72,656
584,Talia,61,772
585,Joann,57,471
586,Linnie,55,95
587,Ricardo,57,595
588,Anita,78,918
589,Ernest,25,689
590,Hunt,49,818
591,Raynard,35,947
592,Jarret,49,664
593,Anna,32,417
594,Debera,55,115
595,Olivie,63,53
596,Dacia,79,268
597,Edeline,23,378
598,Jordain,73,388
599,Sam,78,941
600,Leon,48,860
601,Welch,56,444
602,Aileen,76,882
603,Dedie,60,335
604,Ringo,75,478
605,Cyril,70,159
606,Hirsch,61,591
607,Stephana,72,173
608,Zita,20,386
609,Skelly,51,50
610,Beltran,29,728
611,Gaston,62,493
612,Jesus,25,848
613,Winnie,20,699
614,Oren,67,831
615,Lesley,64,927
616,Baxie,69,608
617,Nick,52,734
618,Borden,72,627
619,Carr,29,872
620,Deena,54,626
621,Tam,65,20
622,Murdock,73,940
623,Arlen,56,605
624,Nikos,33,366
625,Osbert,36,127
626,Jada,57,426
627,Tyson,79,154
628,Carine,53,923
629,Marilee,31,248
630,Gavin,56,816
631,Stacy,37,457
632,Prescott,79,594
633,Zilvia,29,903
634,Betta,30,520
635,Douglas,73,744
636,Elnora,33,211
637,Evonne,57,76
638,Alida,80,667
639,Gloria,27,108
640,Corri,18,306
641,Gisela,31,644
642,Leonanie,69,576
643,Alejoa,36,316
644,Nedda,42,567
645,Elspeth,59,43
646,Annabel,80,483
647,Heindrick,30,790
648,Lyndsey,30,592
649,Sibyl,42,480
650,Brynna,18,91
651,Isabel,62,390
652,Marchall,43,746
653,Babb,67,135
654,Rawley,49,412
655,Rina,79,999
656,Cosme,69,676
657,Kristopher,53,214
658,Bree,47,224
659,Loren,68,8
660,Poppy,58,424
661,Maighdiln,31,71
662,Deeann,29,716
663,Arlee,34,968
664,Arlee,79,502
665,Genevra,74,875
666,Sayre,68,286
667,Reade,19,757
668,Briny,40,103
669,Julius,73,41
670,Agnesse,62,717
671,Gregorius,27,523
672,Tris,55,131
673,Armand,30,713
674,Marrissa,20,886
675,Del,68,563
676,Leroi,76,369
677,Nollie,44,962
678,Zacharia,37,726
679,Adel,35,844
680,Rudolf,18,526
681,Gareth,22,793
682,Der,30,66
683,Zeke,30,550
684,Eustace,77,38
685,Emanuele,47,427
686,Felice,73,839
687,Evin,51,329
688,Torey,43,905
689,Sasha,37,455
690,Lyn,57,736
691,Ebonee,22,861
692,Holmes,19,570
693,Alaric,30,931
694,Alyson,45,342
695,Dacy,33,334
696,Delores,54,85
697,Lynett,39,157
698,Boyd,18,194
699,Coretta,80,919
700,Vida,56,275
701,Arlie,68,743
702,Hagen,79,166
703,Jackqueline,26,768
704,Brooke,74,310
705,Nicholle,79,359
706,Christie,79,373
707,Emeline,43,792
708,Yule,70,877
709,Ofilia,49,465
710,Tybalt,19,399
711,Gerry,43,723
712,Vin,18,11
713,Alfonse,41,801
714,Sonnie,59,764
715,Gwyn,25,249
716,Adelina,21,890
717,Palm,32,294
718,Martie,38,148
719,Brandise,38,587
720,Kendre,71,311
721,Ethelred,45,867
722,Agneta,71,129
723,Karina,27,146
724,Drew,21,207
725,Cointon,62,445
726,Maddie,47,597
727,Dasha,75,462
728,Enrico,53,673
729,Lorrie,49,120
730,Ara,62,217
731,Midge,79,798
732,Yetty,22,414
733,Doug,61,902
734,Mariya,74,789
735,Dreddy,71,273
736,Ermin,74,696
737,Almeria,63,750
738,Frasquito,29,482
739,Hans,23,960
740,Wye,54,283
741,Beatrisa,51,3
742,Liv,63,727
743,Chane,56,707
744,Emory,52,827
745,Ham,30,737
746,Fey,28,371
747,Louie,61,18
748,Taite,42,13
749,Johnathan,75,671
750,Idaline,53,601
751,Garnette,54,606
752,Ruggiero,25,289
753,Dulsea,27,223
754,Darleen,48,833
755,Bar,44,81
756,Martita,68,381
757,Ketty,49,406
758,Kyle,47,473
759,Jim,57,635
760,Reynard,59,107
761,Dal,22,928
762,Reidar,78,994
763,Jephthah,64,996
764,Mildred,59,865
765,Betty,33,657
766,Leigh,38,623
767,Hobie,77,599
768,Bailie,30,443
769,Michele,80,600
770,Fletcher,63,740
771,Lynn,70,110
772,Shanie,68,466
773,Vicky,78,477
774,Davie,41,468
775,Janna,51,814
776,Gaye,52,992
777,Cristobal,46,155
778,Wylma,70,485
779,Julita,25,240
780,Elysha,25,674
781,Alaine,26,900
782,Adora,34,447
783,Stefanie,61,67
784,Cathrin,75,1000
785,Kaile,35,932
786,Milty,22,315
787,Kylila,54,297
788,Corbet,67,830
789,Elden,79,145
790,Guilbert,37,432
791,Ashil,28,892
792,Percy,19,57
793,Avivah,39,709
794,Paige,70,985
795,Libbie,61,440
796,Gray,63,421
797,King,73,622
798,Skell,51,887
799,Mathew,61,701
800,Laurel,68,266
801,Cleo,77,15
802,Erroll,49,40
803,Isiahi,79,640
804,Janaye,46,285
805,Fidelia,46,2
806,Bonnee,50,350
807,Scotti,75,356
808,Consalve,75,385
809,Kippy,23,326
810,Gabriello,66,337
811,Vinnie,50,75
812,Ev,32,134
813,Hendrika,22,235
814,Lemmy,79,328
815,Ramsey,37,525
816,Sorcha,29,132
817,Orella,48,90
818,Reginald,36,934
819,Becky,46,221
820,Noemi,26,295
821,Terrence,46,571
822,Calley,28,174
823,Madge,66,364
824,North,24,177
825,Leela,65,175
826,Aurilia,61,392
827,Amil,62,805
828,Letty,63,700
829,Stephi,37,744
830,Pavel,40,449
831,Bryn,74,91
832,Cloe,69,811
833,Morton,22,482
834,Nadiya,60,572
835,Michaela,76,889
836,Adan,34,514
837,Dukey,74,792
838,Bessie,70,674
839,Michel,51,818
840,Geri,58,322
841,Stormi,40,988
842,Leela,47,26
843,Dacey,50,875
844,Fowler,41,603
845,Levi,32,564
846,Hallsy,76,972
847,Edi,18,357
848,Beck,55,593
849,Ase,65,658
850,Cassandra,58,224
851,Bear,37,4
852,Desirae,36,29
853,Tyne,42,615
854,Remy,53,770
855,Godwin,26,872
856,Renelle,63,25
857,Paolo,23,616
858,Hayden,34,820
859,Ernesto,76,124
860,Milt,23,702
861,Morrie,61,508
862,Carroll,71,669
863,Grace,70,882
864,Maud,78,698
865,Doreen,35,2
866,Laraine,47,122
867,Melania,46,13
868,Joann,67,798
869,Olivero,20,740
870,Grady,29,22
871,Inglebert,57,416
872,Sheilakathryn,35,151
873,Trudey,20,451
874,Chaim,74,752
875,Gretchen,51,62
876,Kathrine,74,1
877,Iago,38,750
878,Josh,58,990
879,Salomi,59,871
880,Adelice,77,54
881,Ximenes,21,775
882,Nicolina,79,163
883,Greta,72,591
884,Joyous,26,971
885,Wilmette,36,181
886,Lazar,34,75
887,Elianora,77,842
888,Alisun,38,760
889,Katrine,74,568
890,Tamma,18,621
891,Starr,69,21
892,Jozef,52,391
893,Heather,46,246
894,Yankee,80,515
895,Trenton,25,291
896,Doti,36,190
897,Nissie,43,299
898,Even,55,60
899,Mathilda,40,422
900,Rance,78,471
901,Haily,57,667
902,Mendy,18,425
903,Mathilde,35,547
904,Christiane,24,594
905,Coralyn,73,991
906,Mandy,50,185
907,Bessie,68,786
908,Konstance,47,424
909,Binny,19,23
910,Zaneta,37,480
911,Jordana,67,494
912,Crissie,29,707
913,Land,53,821
914,Alexandra,70,115
915,Leia,41,459
916,Bess,37,933
917,Jodi,53,433
918,Persis,32,461
919,Reena,72,877
920,Agatha,29,442
921,Nancey,67,240
922,Dukie,31,645
923,Dode,36,609
924,Jessalyn,71,338
925,Sterling,62,778
926,Silas,22,271
927,Reuben,38,135
928,Burr,70,273
929,Barbee,37,409
930,Lida,62,412
931,Wait,41,885
932,Rosaline,78,160
933,Vernice,54,24
934,Rona,19,83
935,Olimpia,23,146
936,Phyllida,30,313
937,Cirilo,54,947
938,Wanids,78,928
939,Bonita,70,450
940,Benni,36,607
941,Nerita,24,721
942,Alla,65,599
943,Kain,22,758
944,Hedvig,51,898
945,Kevon,27,400
946,Concordia,47,351
947,Mart,38,330
948,Torrance,67,952
949,Thayne,44,815
950,Leesa,72,639
951,Jennifer,54,128
952,Blisse,21,519
953,Kennie,68,704
954,Elianora,48,437
955,Claus,50,710
956,Simona,39,962
957,Kaila,35,631
958,Enoch,28,388
959,Paten,67,642
960,Gayleen,56,287
961,Henrie,25,650
962,Catie,38,849
963,Berta,66,234
964,Sigfrid,54,140
965,Gusty,55,71
966,Cullen,65,574
967,Clywd,47,323
968,Marge,70,657
969,Kristan,57,605
970,Roma,71,294
971,Cally,79,366
972,Jami,28,170
973,Alfie,79,660
974,Ariela,30,836
975,Katey,65,418
976,Suzi,75,340
977,Shea,37,319
978,Leontyne,80,8
979,Eadmund,67,989
980,Dalli,51,714
981,Cindie,69,474
982,Leopold,25,960
983,Katinka,34,575
984,Gwenora,34,671
985,Berny,78,724
986,Alyson,72,360
987,Chester,57,930
988,Darby,51,156
989,Berenice,52,582
990,Mikkel,54,247
991,Donica,71,979
992,Katerina,54,813
993,Ruthy,76,767
994,Alfonse,34,487
995,Donica,47,354
996,Querida,22,191
997,Fanya,33,498
998,Craig,78,406
999,Kara,74,387
1000,Katerine,35,534
